{"cameraMode":{"drawMode":0,"name":"Shaded","section":"Shading Mode"},"sceneLighting":true,"audioPlay":false,"sceneViewState":{"m_AlwaysRefresh":false,"showFog":true,"showSkybox":true,"showFlares":true,"showImageEffects":true,"showParticleSystems":true,"showVisualEffectGraphs":true,"m_FxEnabled":true},"in2DMode":false,"pivot":{"x":18.541715621948243,"y":-0.844336748123169,"z":24.884342193603517},"rotation":{"x":-0.2305278182029724,"y":-0.19063028693199159,"z":0.046103596687316897,"w":-0.9531102180480957},"size":3.810288190841675,"orthographic":false}