{"cameraMode":{"drawMode":0,"name":"Shaded","section":"Shading Mode"},"sceneLighting":true,"audioPlay":false,"sceneViewState":{"m_AlwaysRefresh":false,"showFog":true,"showSkybox":true,"showFlares":true,"showImageEffects":true,"showParticleSystems":true,"showVisualEffectGraphs":true,"m_FxEnabled":true},"in2DMode":false,"pivot":{"x":9.541794776916504,"y":-20.473554611206056,"z":42.94709014892578},"rotation":{"x":-0.3195546865463257,"y":0.10404165834188461,"z":-0.035328518599271777,"w":-0.9411889910697937},"size":25.202409744262697,"orthographic":false}